Acton Town,"District
Piccadilly"
Aldgate,"Metropolitan[a]
Circle"
Aldgate East,"Hammersmith & City[d]
District"
All Saints,DLR (Stratford Branch)
Alperton,Piccadilly[h]
Amersham,Metropolitan
Angel,Northern
Archway,Northern
Arnos Grove,Piccadilly
Arsenal,Piccadilly
Baker Street,"Metropolitan[b]
Bakerloo
Circle
Jubilee
Hammersmith & City"
Balham,Northern
Bank,"Waterloo & City
Northern
Central
DLR (Bank Branch)"
Barbican,"Metropolitan[b]
Circle
Hammersmith & City"
Barking,"District[j]
Hammersmith & City"
Barkingside,Central
Barons Court,"District
Piccadilly"
Bayswater,"District[c]
Circle"
Beckton,DLR (Beckton Branch)
Beckton Park,DLR (Beckton Branch)
Becontree,District
Belsize Park,Northern
Bermondsey,Jubilee
Bethnal Green,Central
Blackfriars[7],"District[i]
Circle"
Blackhorse Road,Victoria
Blackwall,DLR (Beckton Branch)
Bond Street,"Central
Jubilee"
Borough,Northern
Boston Manor,Piccadilly[l]
Bounds Green,Piccadilly
Bow Church,DLR (Stratford Branch)
Bow Road,"District[j]
Hammersmith & City"
Brent Cross,Northern
Brixton,Victoria
Bromley-by-Bow,"District[j]
Hammersmith & City"
Buckhurst Hill,Central
Burnt Oak,Northern
Caledonian Road,Piccadilly
Camden Town,Northern
Canada Water,Jubilee
Canary Wharf,Jubilee
Canary Wharf,DLR (Lewisham Branch)
Canning Town,"DLR (Beckton & Woolwich Arsenal Branches)
Jubilee"
Cannon Street,"District[i]
Circle"
Canons Park,Jubilee[e]
Chalfont & Latimer,Metropolitan
Chalk Farm,Northern
Chancery Lane,Central
Charing Cross,"Bakerloo
Northern"
Chesham,Metropolitan
Chigwell,Central
Chiswick Park,District
Chorleywood,Metropolitan
Clapham Common,Northern
Clapham North,Northern
Clapham South,Northern
Cockfosters,Piccadilly
Colindale,Northern
Colliers Wood,Northern
Covent Garden,Piccadilly
Crossharbour,DLR (Lewisham Branch)
Croxley,Metropolitan
Custom House,DLR (Beckton Branch)
Cutty Sarkfor Maritime Greenwich,DLR (Lewisham Branch)
Cyprus,DLR (Beckton Branch)
Dagenham East,District
Dagenham Heathway,District
Debden,Central
Deptford Bridge,DLR (Lewisham Branch)
Devons Road,DLR (Stratford Branch)
Dollis Hill,Jubilee[e]
Ealing Broadway,"District
Central"
Ealing Common,"District
Piccadilly"
Earl's Court,"District
Piccadilly"
East Acton,Central
East Finchley,Northern
East Ham,"District[j]
Hammersmith & City"
East India,DLR (Beckton Branch)
East Putney,District
Eastcote,"Metropolitan
Piccadilly[k]"
Edgware,Northern
Edgware Road,Bakerloo
Edgware Road,"Hammersmith & City[c][d]
District
Circle"
Elephant & Castle,"Northern
Bakerloo"
Elm Park,District
Elverson Road,DLR (Lewisham Branch)
Embankment,"District[i]
Bakerloo
Northern
Circle"
Epping,Central
Euston,"Northern
Victoria"
Euston Square,"Metropolitan[b]
Circle
Hammersmith & City"
Fairlop,Central
Farringdon,"Metropolitan[b]
Circle
Hammersmith & City"
Finchley Central,Northern
Finchley Road,"Metropolitan
Jubilee[f]"
Finsbury Park,"Piccadilly
Victoria"
Fulham Broadway,District
Gallions Reach,DLR (Beckton Branch)
Gants Hill,Central
Gloucester Road,"District[c]
Piccadilly
Circle"
Golders Green,Northern
Goldhawk Road,"Hammersmith & City[m]
Circle"
Goodge Street,Northern
Grange Hill,Central
Great Portland Street,"Metropolitan[b]
Circle
Hammersmith & City"
Greenford,Central
Green Park,"Piccadilly
Victoria
Jubilee"
Greenwich,DLR (Lewisham Branch)
Gunnersbury,District
Hainault,Central
Hammersmith,"District
Piccadilly"
Hammersmith,"Hammersmith & City[m]
Circle"
Hampstead,Northern
Hanger Lane,Central
Harlesden,Bakerloo
Harrow & Wealdstone,Bakerloo
Harrow-on-the-Hill,Metropolitan
Hatton Cross,Piccadilly
"Heathrow Terminals 1, 2, 3",Piccadilly
Heathrow Terminal 4,Piccadilly
Heathrow Terminal 5,Piccadilly
Hendon Central,Northern
Heron Quays,DLR (Lewisham Branch)
High Barnet,Northern
Highbury & Islington,Victoria
Highgate,Northern
High Street Kensington,"District[c]
Circle"
Hillingdon,"Metropolitan
Piccadilly[k]"
Holborn,"Central
Piccadilly"
Holland Park,Central
Holloway Road,Piccadilly
Hornchurch,District
Hounslow Central,Piccadilly[l]
Hounslow East,Piccadilly[l]
Hounslow West,Piccadilly[l]
Hyde Park Corner,Piccadilly
Ickenham,"Metropolitan
Piccadilly[k]"
Island Gardens,DLR (Lewisham Branch)
Kennington,Northern
Kensal Green,Bakerloo
Kensington (Olympia),District
Kentish Town,Northern
Kenton,Bakerloo
Kew Gardens,District
Kilburn,Jubilee[e]
Kilburn Park,Bakerloo
King George V,DLR (Woolwich Arsenal Branch)
Kingsbury,Jubilee[e]
King's Cross St. Pancras,"Metropolitan[b]
Northern
Piccadilly
Circle
Victoria
Hammersmith & City"
Knightsbridge,Piccadilly
Ladbroke Grove,"Hammersmith & City[m]
Circle"
Lambeth North,Bakerloo
Lancaster Gate,Central
Langdon Park,DLR (Stratford Branch)
Latimer Road,"Hammersmith & City[m]
Circle"
Leicester Square,"Piccadilly
Northern"
Lewisham,DLR (Lewisham Branch)
Leyton,Central
Leytonstone,Central
Limehouse,DLR (Bank Branch)
Liverpool Street,"Metropolitan[b]
Central
Circle
Hammersmith & City"
London Bridge,"Northern
Jubilee"
London City Airport,DLR (Woolwich Arsenal Branch)
Loughton,Central
Maida Vale,Bakerloo
Manor House,Piccadilly
Mansion House,"District[i]
Circle"
Marble Arch,Central
Marylebone,Bakerloo
Mile End,"District[j]
Hammersmith & City
Central"
Mill Hill East,Northern
Monument,"District[i]
Circle"
Moorgate,"Metropolitan[b]
Northern
Circle
Hammersmith & City"
Moor Park,Metropolitan
Morden,Northern
Mornington Crescent,Northern
Mudchute,DLR (Lewisham Branch)
Neasden,Jubilee[e]
Newbury Park,Central
North Acton,Central
North Ealing,Piccadilly[h]
North Greenwich,Jubilee
North Harrow,Metropolitan
North Wembley,Bakerloo
Northfields,Piccadilly[l]
Northolt,Central
Northwick Park,Metropolitan
Northwood,Metropolitan
Northwood Hills,Metropolitan
Notting Hill Gate,"District[c]
Central
Circle"
Oakwood,Piccadilly
Old Street,Northern
Osterley,Piccadilly[l]
Oval,Northern
Oxford Circus,"Central
Bakerloo
Victoria"
Paddington,"Hammersmith & City[d]
District
Circle
Bakerloo"
Park Royal,Piccadilly
Parsons Green,District
Perivale,Central
Piccadilly Circus,"Bakerloo
Piccadilly"
Pimlico,Victoria
Pinner,Metropolitan
Plaistow,"District[j]
Hammersmith & City"
Pontoon Dock,DLR (Woolwich Arsenal Branch)
Poplar,DLR
Preston Road,Metropolitan
Prince Regent,DLR (Beckton Branch)
Pudding Mill Lane,DLR (Stratford Branch)
Putney Bridge,District
Queen's Park,Bakerloo
Queensbury,Jubilee[e]
Queensway,Central
Ravenscourt Park,District
Rayners Lane,"Metropolitan
Piccadilly[k]"
Redbridge,Central
Regent's Park,Bakerloo
Richmond,District
Rickmansworth,Metropolitan
Roding Valley,Central
Royal Albert,DLR (Beckton Branch)
Royal Oak,"Hammersmith & City[m]
Circle"
Royal Victoria,DLR (Beckton Branch)
Ruislip,"Metropolitan
Piccadilly[k]"
Ruislip Gardens,Central
Ruislip Manor,"Metropolitan
Piccadilly[k]"
Russell Square,Piccadilly
St. James's Park,"District[i]
Circle"
St. John's Wood,Jubilee[g]
St. Paul's,Central
Seven Sisters,Victoria
Shadwell,DLR (Bank Branch)
Shepherd's Bush,Central
Shepherd's Bush Market,"Hammersmith & City[m]
Circle"
Sloane Square,"District[i]
Circle"
Snaresbrook,Central
South Ealing,Piccadilly[l]
South Harrow,Piccadilly[h]
South Kensington,"District[i]
Piccadilly
Circle"
South Kenton,Bakerloo
South Quay,DLR (Lewisham Branch)
South Ruislip,Central
South Wimbledon,Northern
South Woodford,Central
Southfields,District
Southgate,Piccadilly
Southwark,Jubilee
Stamford Brook,District
Stanmore,Jubilee[e]
Stepney Green,"District[j]
Hammersmith & City"
Stockwell,"Northern
Victoria"
Stonebridge Park,Bakerloo
Stratford,"Central
DLR (Stratford Branch)
Jubilee"
Sudbury Hill,Piccadilly[h]
Sudbury Town,Piccadilly[h]
Swiss Cottage,Jubilee[g]
Temple,"District[i]
Circle"
Theydon Bois,Central
Tooting Bec,Northern
Tooting Broadway,Northern
Tottenham Court Road,"Central
Northern"
Tottenham Hale,Victoria
Totteridge & Whetstone,Northern
Tower Gateway,DLR (Tower Gateway Branch)
Tower Hill,"District[i]
Circle"
Tufnell Park,Northern
Turnham Green,"District
Piccadilly"
Turnpike Lane,Piccadilly
Upminster,District
Upminster Bridge,District
Upney,District
Upton Park,"District[j]
Hammersmith & City"
Uxbridge,"Metropolitan
Piccadilly[k]"
Vauxhall,Victoria
Victoria,"District[i]
Circle
Victoria"
Walthamstow Central,Victoria
Wanstead,Central
Warren Street,"Northern
Victoria"
Warwick Avenue,Bakerloo
Waterloo,"Waterloo & City
Bakerloo
Northern
Jubilee"
Watford,Metropolitan
Wembley Central,Bakerloo
Wembley Park,"Metropolitan
Jubilee[f]"
West Acton,Central
West Brompton,District
West Finchley,Northern
West Ham,"District[j]
Hammersmith & City
Jubilee"
West Hampstead,Jubilee[e]
West Harrow,Metropolitan
West India Quay,DLR (Lewisham Branch)
West Kensington,District
West Ruislip,Central
West Silvertown,DLR (Woolwich Arsenal Branch)
Westbourne Park,"Hammersmith & City[m]
Circle"
Westferry,DLR (Bank Branch)
Westminster,"District[i]
Circle
Jubilee"
White City,Central
Whitechapel,"District[j]
Hammersmith & City"
Willesden Green,Jubilee[e]
Willesden Junction,Bakerloo
Wimbledon,District
Wimbledon Park,District
Wood Green,Piccadilly
Wood Lane,"Hammersmith & City
Circle"
Woodford,Central
Woodside Park,Northern
Woolwich Arsenal,DLR (Woolwich Arsenal Branch)
